name,url,message
Stephanie Martin,https://nytimes.com,libero mauris aliquam eu accumsan sed facilisis vitae orci. Phasellus
Genevieve Parker,https://bbc.co.uk,lorem semper auctor. Mauris vel turpis. Aliquam adipiscing lobortis risus.
Kenyon Dixon,https://whatsapp.com,ridiculus mus. Aenean eget magna. Suspendisse tristique neque venenatis lacus.
Justina Orr,https://google.com,erat. Etiam vestibulum massa rutrum magna. Cras convallis convallis dolor.
Cameron Cunningham,https://walmart.com,gravida. Aliquam tincidunt nunc ac mattis ornare lectus ante dictum
Dustin Thompson,http://bbc.co.uk,nec orci. Donec nibh. Quisque nonummy ipsum non arcu. Vivamus
Honorato Barber,https://instagram.com,dictum magna. Ut tincidunt orci quis lectus. Nullam suscipit est
Hashim Buckley,https://zoom.us,rhoncus. Proin nisl sem consequat nec mollis vitae posuere at
Wylie Velez,https://wikipedia.org,Vivamus nibh dolor nonummy ac feugiat non lobortis quis pede.
Cade Woods,http://walmart.com,faucibus ut nulla. Cras eu tellus eu augue porttitor interdum.
Ariel Britt,http://cnn.com,Duis volutpat nunc sit amet metus. Aliquam erat volutpat. Nulla
Callum Bruce,http://pinterest.com,lectus. Nullam suscipit est ac facilisis facilisis magna tellus faucibus
Melissa Kirkland,https://reddit.com,non quam. Pellentesque habitant morbi tristique senectus et netus et
Ocean Aguilar,http://zoom.us,orci luctus et ultrices posuere cubilia Curae Phasellus ornare. Fusce
Idona Hendrix,https://zoom.us,tellus justo sit amet nulla. Donec non justo. Proin non
Desiree Weiss,http://google.com,consectetuer ipsum nunc id enim. Curabitur massa. Vestibulum accumsan neque
Madeson Hodges,https://baidu.com,sed dictum eleifend nunc risus varius orci in consequat enim
Nomlanga Barron,https://reddit.com,sed pede. Cum sociis natoque penatibus et magnis dis parturient
Daphne Wilkinson,http://facebook.com,libero at auctor ullamcorper nisl arcu iaculis enim sit amet
Shafira Duke,http://ebay.com,amet, consectetuer adipiscing elit. Etiam laoreet libero et tristique pellentesque
Christine Taylor,https://baidu.com,mauris. Integer sem elit pharetra ut pharetra sed hendrerit a
Benjamin Case,https://naver.com,convallis convallis dolor. Quisque tincidunt pede ac urna. Ut tincidunt
Lars Key,https://bbc.co.uk,massa rutrum magna. Cras convallis convallis dolor. Quisque tincidunt pede
Tamara Nolan,https://twitter.com,nisl. Nulla eu neque pellentesque massa lobortis ultrices. Vivamus rhoncus.
Malik Goodman,http://yahoo.com,mauris ut mi. Duis risus odio auctor vitae aliquet nec

